[{"eval_loss": 0.0003093620471190661, "eval_squad_f1": 0.0, "eval_runtime": 348.9003, "eval_samples_per_second": 0.539, "eval_steps_per_second": 0.069, "epoch": 1.0, "step": 102}, {"eval_loss": 0.00010187992302235216, "eval_squad_f1": 0.0, "eval_runtime": 488.0689, "eval_samples_per_second": 0.385, "eval_steps_per_second": 0.049, "epoch": 2.0, "step": 204}, {"eval_loss": 8.124910527840257e-05, "eval_squad_f1": 0.0004076137765977338, "eval_runtime": 492.9785, "eval_samples_per_second": 0.381, "eval_steps_per_second": 0.049, "epoch": 3.0, "step": 306}, {"train_runtime": 1562.4712, "train_samples_per_second": 1.559, "train_steps_per_second": 0.196, "total_flos": 751885916221440.0, "train_loss": 0.002377121861464058, "epoch": 3.0, "step": 306}]