[{"eval_loss": 0.0009945950005203485, "eval_squad_f1": 9.022745598993746e-05, "eval_runtime": 502.2677, "eval_samples_per_second": 0.374, "eval_steps_per_second": 0.048, "epoch": 1.0, "step": 102}, {"eval_loss": 6.356021185638383e-05, "eval_squad_f1": 6.309104883897603e-05, "eval_runtime": 499.1992, "eval_samples_per_second": 0.377, "eval_steps_per_second": 0.048, "epoch": 2.0, "step": 204}, {"eval_loss": 5.1131817599525675e-05, "eval_squad_f1": 0.0, "eval_runtime": 509.7982, "eval_samples_per_second": 0.369, "eval_steps_per_second": 0.047, "epoch": 3.0, "step": 306}, {"train_runtime": 1743.7489, "train_samples_per_second": 1.397, "train_steps_per_second": 0.175, "total_flos": 751885916221440.0, "train_loss": 0.0055062330626194774, "epoch": 3.0, "step": 306}]