[{"eval_loss": 0.08013888448476791, "eval_squad_f1": 0.0, "eval_runtime": 482.7013, "eval_samples_per_second": 0.389, "eval_steps_per_second": 0.05, "epoch": 1.0, "step": 102}, {"eval_loss": 0.0019118307391181588, "eval_squad_f1": 0.004176901704741429, "eval_runtime": 238.1942, "eval_samples_per_second": 0.789, "eval_steps_per_second": 0.101, "epoch": 2.0, "step": 204}, {"eval_loss": 0.0018205629894509912, "eval_squad_f1": 0.00014452955629426219, "eval_runtime": 491.6552, "eval_samples_per_second": 0.382, "eval_steps_per_second": 0.049, "epoch": 3.0, "step": 306}, {"train_runtime": 1438.4353, "train_samples_per_second": 1.694, "train_steps_per_second": 0.213, "total_flos": 751885916221440.0, "train_loss": 1.587451211767259, "epoch": 3.0, "step": 306}]