[{"loss": 0.3668, "learning_rate": 4.169986719787517e-05, "epoch": 0.5, "step": 500}, {"loss": 0.0171, "learning_rate": 3.339973439575033e-05, "epoch": 1.0, "step": 1000}, {"eval_loss": 0.0010151354363188148, "eval_squad_f1": 4.354096607054242e-05, "eval_runtime": 2572.2179, "eval_samples_per_second": 0.765, "eval_steps_per_second": 0.096, "epoch": 1.0, "step": 1004}, {"loss": 0.0056, "learning_rate": 2.50996015936255e-05, "epoch": 1.49, "step": 1500}, {"loss": 0.004, "learning_rate": 1.6799468791500664e-05, "epoch": 1.99, "step": 2000}, {"eval_loss": 0.0010845051147043705, "eval_squad_f1": 4.9473184126083404e-05, "eval_runtime": 2520.8519, "eval_samples_per_second": 0.781, "eval_steps_per_second": 0.098, "epoch": 2.0, "step": 2008}, {"loss": 0.0028, "learning_rate": 8.49933598937583e-06, "epoch": 2.49, "step": 2500}, {"loss": 0.0024, "learning_rate": 1.99203187250996e-07, "epoch": 2.99, "step": 3000}, {"eval_loss": 0.001460218452848494, "eval_squad_f1": 4.9484527693024845e-05, "eval_runtime": 2473.2694, "eval_samples_per_second": 0.796, "eval_steps_per_second": 0.1, "epoch": 3.0, "step": 3012}, {"train_runtime": 7759.3905, "train_samples_per_second": 3.105, "train_steps_per_second": 0.388, "total_flos": 73274299176960.0, "train_loss": 0.06619830783716295, "epoch": 3.0, "step": 3012}]