[{"loss": 0.3669, "learning_rate": 4.169986719787517e-05, "epoch": 0.5, "step": 500}, {"loss": 0.0175, "learning_rate": 3.339973439575033e-05, "epoch": 1.0, "step": 1000}, {"eval_loss": 0.001060802023857832, "eval_squad_f1": 5.749762289322657e-05, "eval_runtime": 2635.6713, "eval_samples_per_second": 0.747, "eval_steps_per_second": 0.094, "epoch": 1.0, "step": 1004}, {"loss": 0.006, "learning_rate": 2.50996015936255e-05, "epoch": 1.49, "step": 1500}, {"loss": 0.0044, "learning_rate": 1.6799468791500664e-05, "epoch": 1.99, "step": 2000}, {"eval_loss": 0.0007833213312551379, "eval_squad_f1": 4.351465042443034e-05, "eval_runtime": 2581.7893, "eval_samples_per_second": 0.763, "eval_steps_per_second": 0.096, "epoch": 2.0, "step": 2008}, {"loss": 0.0035, "learning_rate": 8.49933598937583e-06, "epoch": 2.49, "step": 2500}, {"loss": 0.0028, "learning_rate": 1.99203187250996e-07, "epoch": 2.99, "step": 3000}, {"eval_loss": 0.0007062158911973238, "eval_squad_f1": 4.7488300996002106e-05, "eval_runtime": 2655.7969, "eval_samples_per_second": 0.741, "eval_steps_per_second": 0.093, "epoch": 3.0, "step": 3012}, {"train_runtime": 8048.0227, "train_samples_per_second": 2.994, "train_steps_per_second": 0.374, "total_flos": 73274299176960.0, "train_loss": 0.06745522358587103, "epoch": 3.0, "step": 3012}]