[{"eval_loss": 0.0007012010319158435, "eval_squad_f1": 0.0, "eval_runtime": 213.5337, "eval_samples_per_second": 0.88, "eval_steps_per_second": 0.112, "epoch": 1.0, "step": 102}, {"eval_loss": 0.0002626894856803119, "eval_squad_f1": 0.0, "eval_runtime": 464.6378, "eval_samples_per_second": 0.405, "eval_steps_per_second": 0.052, "epoch": 2.0, "step": 204}, {"eval_loss": 0.00011989296035608277, "eval_squad_f1": 9.173012469513131e-05, "eval_runtime": 500.5194, "eval_samples_per_second": 0.376, "eval_steps_per_second": 0.048, "epoch": 3.0, "step": 306}, {"train_runtime": 1413.906, "train_samples_per_second": 1.723, "train_steps_per_second": 0.216, "total_flos": 751885916221440.0, "train_loss": 0.008473160999273163, "epoch": 3.0, "step": 306}]