[{"loss": 0.0005, "learning_rate": 4.169986719787517e-05, "epoch": 0.5, "step": 500}, {"loss": 0.0011, "learning_rate": 3.339973439575033e-05, "epoch": 1.0, "step": 1000}, {"eval_loss": 1.2098585367202759, "eval_squad_f1": 5.7591106575260564e-05, "eval_runtime": 2571.1726, "eval_samples_per_second": 0.766, "eval_steps_per_second": 0.096, "epoch": 1.0, "step": 1004}, {"loss": 0.0004, "learning_rate": 2.50996015936255e-05, "epoch": 1.49, "step": 1500}, {"loss": 0.0003, "learning_rate": 1.6799468791500664e-05, "epoch": 1.99, "step": 2000}, {"eval_loss": 1.1780589818954468, "eval_squad_f1": 5.950971161392475e-05, "eval_runtime": 2542.1203, "eval_samples_per_second": 0.775, "eval_steps_per_second": 0.097, "epoch": 2.0, "step": 2008}, {"loss": 0.0003, "learning_rate": 8.49933598937583e-06, "epoch": 2.49, "step": 2500}, {"loss": 0.0003, "learning_rate": 1.99203187250996e-07, "epoch": 2.99, "step": 3000}, {"eval_loss": 1.68372968044281, "eval_squad_f1": 5.949053280708804e-05, "eval_runtime": 2571.3053, "eval_samples_per_second": 0.766, "eval_steps_per_second": 0.096, "epoch": 3.0, "step": 3012}, {"train_runtime": 7871.6752, "train_samples_per_second": 3.061, "train_steps_per_second": 0.383, "total_flos": 73274299176960.0, "train_loss": 0.00524781822137891, "epoch": 3.0, "step": 3012}]