[{"loss": 0.361, "learning_rate": 4.169986719787517e-05, "epoch": 0.5, "step": 500}, {"loss": 0.0167, "learning_rate": 3.339973439575033e-05, "epoch": 1.0, "step": 1000}, {"eval_loss": 0.0011693935375660658, "eval_squad_f1": 0.0002401814606235042, "eval_runtime": 2894.8593, "eval_samples_per_second": 0.68, "eval_steps_per_second": 0.085, "epoch": 1.0, "step": 1004}, {"loss": 0.0053, "learning_rate": 2.50996015936255e-05, "epoch": 1.49, "step": 1500}, {"loss": 0.004, "learning_rate": 1.6799468791500664e-05, "epoch": 1.99, "step": 2000}, {"eval_loss": 0.004133895505219698, "eval_squad_f1": 0.0002025696533712088, "eval_runtime": 2712.3417, "eval_samples_per_second": 0.726, "eval_steps_per_second": 0.091, "epoch": 2.0, "step": 2008}, {"loss": 0.0027, "learning_rate": 8.49933598937583e-06, "epoch": 2.49, "step": 2500}, {"loss": 0.0024, "learning_rate": 1.99203187250996e-07, "epoch": 2.99, "step": 3000}, {"eval_loss": 0.0065929885022342205, "eval_squad_f1": 4.9438896317694284e-05, "eval_runtime": 2431.7821, "eval_samples_per_second": 0.81, "eval_steps_per_second": 0.102, "epoch": 3.0, "step": 3012}, {"train_runtime": 8210.3037, "train_samples_per_second": 2.934, "train_steps_per_second": 0.367, "total_flos": 73274299176960.0, "train_loss": 0.06510354389818719, "epoch": 3.0, "step": 3012}]