[{"eval_loss": 0.00010404796921648085, "eval_squad_f1": 0.0, "eval_runtime": 504.5596, "eval_samples_per_second": 0.373, "eval_steps_per_second": 0.048, "epoch": 1.0, "step": 102}, {"eval_loss": 0.00291318167001009, "eval_squad_f1": 0.0, "eval_runtime": 495.2979, "eval_samples_per_second": 0.38, "eval_steps_per_second": 0.048, "epoch": 2.0, "step": 204}, {"eval_loss": 0.0004692343936767429, "eval_squad_f1": 0.0, "eval_runtime": 487.5821, "eval_samples_per_second": 0.386, "eval_steps_per_second": 0.049, "epoch": 3.0, "step": 306}, {"train_runtime": 1721.9252, "train_samples_per_second": 1.415, "train_steps_per_second": 0.178, "total_flos": 751885916221440.0, "train_loss": 0.0027035433872073305, "epoch": 3.0, "step": 306}]